name,method,Coverage (expected 90.0%),Avg. Length,seed
concrete,CQR Net,87.86407766990291,0.4244523890388822,0
concrete,LWA-Net,91.747572815534,0.494399287457605,0
concrete,CQR Net,87.86407766990291,0.4244523890388822,0
concrete,CQR Net,86.40776699029125,0.433116167277387,1
concrete,CQR Net,88.83495145631069,0.5094284011611661,2
